{
  "data": [
    {
      "id": 1,
      "name": "Woman",
      "slug": "woman",
      "productCount": 20,
      "image": {
        "id": 1,
        "thumbnail": "/assets/images/category/woman.jpg",
        "original": "/assets/images/category/woman.jpg"
      }
    },
    {
      "id": 2,
      "name": "Man",
      "slug": "man",
      "productCount": 20,
      "image": {
        "id": 1,
        "thumbnail": "/assets/images/category/man.jpg",
        "original": "/assets/images/category/man.jpg"
      }
    },
    {
      "id": 3,
      "name": "Watch",
      "slug": "watch",
      "productCount": 20,
      "image": {
        "id": 1,
        "thumbnail": "/assets/images/category/watch.jpg",
        "original": "/assets/images/category/watch.jpg"
      }
    },
    {
      "id": 4,
      "name": "Kids",
      "slug": "kids",
      "productCount": 20,
      "image": {
        "id": 1,
        "thumbnail": "/assets/images/category/kid.jpg",
        "original": "/assets/images/category/kid.jpg"
      }
    },
    {
      "id": 5,
      "name": "Sports",
      "slug": "sports",
      "productCount": 20,
      "image": {
        "id": 1,
        "thumbnail": "/assets/images/category/sports.jpg",
        "original": "/assets/images/category/sports.jpg"
      }
    },
    {
      "id": 6,
      "name": "Sunglass",
      "slug": "sunglass",
      "productCount": 20,
      "image": {
        "id": 1,
        "thumbnail": "/assets/images/category/sunglass.jpg",
        "original": "/assets/images/category/sunglass.jpg"
      }
    },
    {
      "id": 7,
      "name": "Bags",
      "slug": "bags",
      "productCount": 20,
      "image": {
        "id": 1,
        "thumbnail": "/assets/images/category/bags.jpg",
        "original": "/assets/images/category/bags.jpg"
      }
    },
    {
      "id": 8,
      "name": "Sneakers",
      "slug": "sneakers",
      "productCount": 20,
      "image": {
        "id": 1,
        "thumbnail": "/assets/images/category/sneakers.jpg",
        "original": "/assets/images/category/sneakers.jpg"
      }
    }
  ]
}
