{
  "id": 1,
  "sku": "N/A",
  "name": "Maniac Red Boys",
  "slug": "maniac-red-boys",
  "description": "Children’s clothing/ kids wear is usually more casual than adult clothing, fit play and rest. Hosiery is usually used. More recently, however, tons of childrenswear is heavily influenced by trends in adult fashion",
  "category": {
    "id": 1,
    "name": "kids",
    "slug": "kids"
  },
  "tags": [
    {
      "id": 1,
      "name": "Casual",
      "slug": "casual"
    },
    {
      "id": 2,
      "name": "Cotton",
      "slug": "cotton"
    },
    {
      "id": 3,
      "name": "Red",
      "slug": "red"
    }
  ],
  "image": {
    "id": 1,
    "thumbnail": "/assets/images/products/p-20.png",
    "original": "/assets/images/products/p-20-m.png"
  },
  "gallery": [
    {
      "id": 1,
      "thumbnail": "/assets/images/products/p-20-1.png",
      "original": "/assets/images/products/p-20-1.png"
    },
    {
      "id": 2,
      "thumbnail": "/assets/images/products/p-20-2.png",
      "original": "/assets/images/products/p-20-2.png"
    },
    {
      "id": 3,
      "thumbnail": "/assets/images/products/p-20-3.png",
      "original": "/assets/images/products/p-20-3.png"
    },
    {
      "id": 4,
      "thumbnail": "/assets/images/products/p-20-4.png",
      "original": "/assets/images/products/p-20-4.png"
    }
  ],
  "price": 50,
  "sale_price": 40,
  "quantity": 20,
  "variations": [
    {
      "id": 1,
      "value": "S",
      "attribute": {
        "id": 1,
        "name": "Size",
        "slug": "size"
      }
    },
    {
      "id": 2,
      "value": "M",
      "attribute": {
        "id": 1,
        "name": "Size",
        "slug": "size"
      }
    },
    {
      "id": 3,
      "value": "L",
      "attribute": {
        "id": 1,
        "name": "Size",
        "slug": "size"
      }
    },
    {
      "id": 4,
      "value": "XL",
      "attribute": {
        "id": 1,
        "name": "Size",
        "slug": "size"
      }
    },
    {
      "id": 5,
      "value": "Orange",
      "meta": "#e86c25",
      "attribute": {
        "id": 1,
        "name": "Color",
        "slug": "color"
      }
    },
    {
      "id": 6,
      "value": "Pink",
      "meta": "#ffa5b4",
      "attribute": {
        "id": 1,
        "name": "Color",
        "slug": "color"
      }
    },
    {
      "id": 7,
      "value": "Purple",
      "meta": "#8224e3",
      "attribute": {
        "id": 1,
        "name": "Color",
        "slug": "color"
      }
    },
    {
      "id": 8,
      "value": "Red",
      "meta": "#dd3333",
      "attribute": {
        "id": 1,
        "name": "Color",
        "slug": "color"
      }
    }
  ],
  "meta": [
    {
      "id": 1,
      "title": "Product Details",
      "content": "Our Customer Experience Team is available 7 days a week and we offer 2 ways to get in contact.Email and Chat . We try to reply quickly, so you need not to wait too long for a response!."
    },
    {
      "id": 2,
      "title": "Additional Information",
      "content": "Please read the documentation carefully . We also have some online video tutorials regarding this issue . If the problem remains, Please Open a ticket in the support forum"
    },
    {
      "id": 3,
      "title": "Customer Reviews",
      "content": "At first, Please check your internet connection . We also have some online video tutorials regarding this issue . If the problem remains, Please Open a ticket in the support forum."
    }
  ]
}
