[
  {
    "id": 1,
    "name": "Armani Veni Vidi Vici",
    "description": "Fendi began life in 1925 as a fur and leather speciality store in Rome.",
    "slug": "armani-veni-vidi-vici",
    "image": {
      "id": 1,
      "thumbnail": "/assets/images/products/p-11-xs.png",
      "original": "/assets/images/products/p-11-m.png"
    },
    "gallery": [
      {
        "id": 1,
        "thumbnail": "/assets/images/products/p-11-1.png",
        "original": "/assets/images/products/p-11-1.png"
      },
      {
        "id": 2,
        "thumbnail": "/assets/images/products/p-11-2.png",
        "original": "/assets/images/products/p-11-2.png"
      }
    ],
    "price": 20.00,
    "sale_price": 17.99,
    "variations": [
      {
        "id": 1,
        "value": "S",
        "attribute": {
          "id": 1,
          "name": "Size",
          "slug": "size"
        }
      },
      {
        "id": 2,
        "value": "M",
        "attribute": {
          "id": 1,
          "name": "Size",
          "slug": "size"
        }
      },
      {
        "id": 3,
        "value": "L",
        "attribute": {
          "id": 1,
          "name": "Size",
          "slug": "size"
        }
      },
      {
        "id": 4,
        "value": "XL",
        "attribute": {
          "id": 1,
          "name": "Size",
          "slug": "size"
        }
      },
      {
        "id": 5,
        "value": "Orange",
        "meta": "#e86c25",
        "attribute": {
          "id": 1,
          "name": "Color",
          "slug": "color"
        }
      },
      {
        "id": 6,
        "value": "Pink",
        "meta": "#ffa5b4",
        "attribute": {
          "id": 1,
          "name": "Color",
          "slug": "color"
        }
      },
      {
        "id": 7,
        "value": "Purple",
        "meta": "#8224e3",
        "attribute": {
          "id": 1,
          "name": "Color",
          "slug": "color"
        }
      },
      {
        "id": 8,
        "value": "Red",
        "meta": "#dd3333",
        "attribute": {
          "id": 1,
          "name": "Color",
          "slug": "color"
        }
      }
    ]
  },
  {
    "id": 2,
    "name": "Adidas Shoes Black",
    "description": "Men Black top shoes gown",
    "slug": "adidas-shoes-black",
    "image": {
      "id": 1,
      "thumbnail": "/assets/images/products/p-26-xs.png",
      "original": "/assets/images/products/p-26-m.png"
    },
    "gallery": [
      {
        "id": 1,
        "thumbnail": "/assets/images/products/p-26-1.png",
        "original": "/assets/images/products/p-26-1.png"
      },
      {
        "id": 2,
        "thumbnail": "/assets/images/products/p-26-2.png",
        "original": "/assets/images/products/p-26-2.png"
      }
    ],
    "price": 99.99,
    "sale_price": 45.00,
    "variations": [
      {
        "id": 1,
        "value": "S",
        "attribute": {
          "id": 1,
          "name": "Size",
          "slug": "size"
        }
      },
      {
        "id": 2,
        "value": "M",
        "attribute": {
          "id": 1,
          "name": "Size",
          "slug": "size"
        }
      },
      {
        "id": 3,
        "value": "L",
        "attribute": {
          "id": 1,
          "name": "Size",
          "slug": "size"
        }
      },
      {
        "id": 4,
        "value": "XL",
        "attribute": {
          "id": 1,
          "name": "Size",
          "slug": "size"
        }
      },
      {
        "id": 5,
        "value": "Orange",
        "meta": "#e86c25",
        "attribute": {
          "id": 1,
          "name": "Color",
          "slug": "color"
        }
      },
      {
        "id": 6,
        "value": "Pink",
        "meta": "#ffa5b4",
        "attribute": {
          "id": 1,
          "name": "Color",
          "slug": "color"
        }
      },
      {
        "id": 7,
        "value": "Purple",
        "meta": "#8224e3",
        "attribute": {
          "id": 1,
          "name": "Color",
          "slug": "color"
        }
      },
      {
        "id": 8,
        "value": "Red",
        "meta": "#dd3333",
        "attribute": {
          "id": 1,
          "name": "Color",
          "slug": "color"
        }
      }
    ]
  },
  {
    "id": 3,
    "name": "Gucci Carlton UK",
    "description": "Knitted midi A-line dress, has a scoop neck, sleeveless, straight hem",
    "slug": "gucci-carlton-uk",
    "image": {
      "id": 1,
      "thumbnail": "/assets/images/products/p-8-xs.png",
      "original": "/assets/images/products/p-8-m.png"
    },
    "gallery": [
      {
        "id": 1,
        "thumbnail": "/assets/images/products/p-26-1.png",
        "original": "/assets/images/products/p-26-1.png"
      },
      {
        "id": 2,
        "thumbnail": "/assets/images/products/p-26-2.png",
        "original": "/assets/images/products/p-26-2.png"
      }
    ],
    "price": 19.99,
    "sale_price": 14.99,
    "variations": [
      {
        "id": 1,
        "value": "S",
        "attribute": {
          "id": 1,
          "name": "Size",
          "slug": "size"
        }
      },
      {
        "id": 2,
        "value": "M",
        "attribute": {
          "id": 1,
          "name": "Size",
          "slug": "size"
        }
      },
      {
        "id": 3,
        "value": "L",
        "attribute": {
          "id": 1,
          "name": "Size",
          "slug": "size"
        }
      },
      {
        "id": 4,
        "value": "XL",
        "attribute": {
          "id": 1,
          "name": "Size",
          "slug": "size"
        }
      },
      {
        "id": 5,
        "value": "Orange",
        "meta": "#e86c25",
        "attribute": {
          "id": 1,
          "name": "Color",
          "slug": "color"
        }
      },
      {
        "id": 6,
        "value": "Pink",
        "meta": "#ffa5b4",
        "attribute": {
          "id": 1,
          "name": "Color",
          "slug": "color"
        }
      },
      {
        "id": 7,
        "value": "Purple",
        "meta": "#8224e3",
        "attribute": {
          "id": 1,
          "name": "Color",
          "slug": "color"
        }
      },
      {
        "id": 8,
        "value": "Red",
        "meta": "#dd3333",
        "attribute": {
          "id": 1,
          "name": "Color",
          "slug": "color"
        }
      }
    ]
  },
  {
    "id": 4,
    "name": "Scuba Stand Collar Topper Jacket",
    "description": "Zara provides only the highest-quality selection of dresses, womens suits, and suited separates.",
    "slug": "scuba-stand-collar-topper-jacket",
    "image": {
      "id": 1,
      "thumbnail": "/assets/images/products/p-15-xs.png",
      "original": "/assets/images/products/p-15-m.png"
    },
    "gallery": [
      {
        "id": 1,
        "thumbnail": "/assets/images/products/p-15-1.png",
        "original": "/assets/images/products/p-15-1.png"
      },
      {
        "id": 2,
        "thumbnail": "/assets/images/products/p-15-2.png",
        "original": "/assets/images/products/p-15-2.png"
      }
    ],
    "price": 16.00,
    "sale_price": 12.00,
    "variations": [
      {
        "id": 1,
        "value": "S",
        "attribute": {
          "id": 1,
          "name": "Size",
          "slug": "size"
        }
      },
      {
        "id": 2,
        "value": "M",
        "attribute": {
          "id": 1,
          "name": "Size",
          "slug": "size"
        }
      },
      {
        "id": 3,
        "value": "L",
        "attribute": {
          "id": 1,
          "name": "Size",
          "slug": "size"
        }
      },
      {
        "id": 4,
        "value": "XL",
        "attribute": {
          "id": 1,
          "name": "Size",
          "slug": "size"
        }
      },
      {
        "id": 5,
        "value": "Orange",
        "meta": "#e86c25",
        "attribute": {
          "id": 1,
          "name": "Color",
          "slug": "color"
        }
      },
      {
        "id": 6,
        "value": "Pink",
        "meta": "#ffa5b4",
        "attribute": {
          "id": 1,
          "name": "Color",
          "slug": "color"
        }
      },
      {
        "id": 7,
        "value": "Purple",
        "meta": "#8224e3",
        "attribute": {
          "id": 1,
          "name": "Color",
          "slug": "color"
        }
      },
      {
        "id": 8,
        "value": "Red",
        "meta": "#dd3333",
        "attribute": {
          "id": 1,
          "name": "Color",
          "slug": "color"
        }
      }
    ]
  },
  {
    "id": 5,
    "name": "Regular Fit Crew-neck T-shirt",
    "description": "Self-striped knitted midi A-line dress, has a scoop neck, T-shirt, straight hem",
    "slug": "regular-fit-crew-neck-t-shirt",
    "image": {
      "id": 1,
      "thumbnail": "/assets/images/products/p-7-xs.png",
      "original": "/assets/images/products/p-7-m.png"
    },
    "gallery": [
      {
        "id": 1,
        "thumbnail": "/assets/images/products/p-7-1.png",
        "original": "/assets/images/products/p-7-1.png"
      },
      {
        "id": 2,
        "thumbnail": "/assets/images/products/p-7-2.png",
        "original": "/assets/images/products/p-7-2.png"
      }
    ],
    "price": 16.38,
    "sale_price": 12.3,
    "variations": [
      {
        "id": 1,
        "value": "S",
        "attribute": {
          "id": 1,
          "name": "Size",
          "slug": "size"
        }
      },
      {
        "id": 2,
        "value": "M",
        "attribute": {
          "id": 1,
          "name": "Size",
          "slug": "size"
        }
      },
      {
        "id": 3,
        "value": "L",
        "attribute": {
          "id": 1,
          "name": "Size",
          "slug": "size"
        }
      },
      {
        "id": 4,
        "value": "XL",
        "attribute": {
          "id": 1,
          "name": "Size",
          "slug": "size"
        }
      },
      {
        "id": 5,
        "value": "Orange",
        "meta": "#e86c25",
        "attribute": {
          "id": 1,
          "name": "Color",
          "slug": "color"
        }
      },
      {
        "id": 6,
        "value": "Pink",
        "meta": "#ffa5b4",
        "attribute": {
          "id": 1,
          "name": "Color",
          "slug": "color"
        }
      },
      {
        "id": 7,
        "value": "Purple",
        "meta": "#8224e3",
        "attribute": {
          "id": 1,
          "name": "Color",
          "slug": "color"
        }
      },
      {
        "id": 8,
        "value": "Red",
        "meta": "#dd3333",
        "attribute": {
          "id": 1,
          "name": "Color",
          "slug": "color"
        }
      }
    ]
  },
  {
    "id": 6,
    "name": "Hermes  Carlton London",
    "description": "Off-White self-striped knitted midi A-line dress, has a scoop neck, sleeveless, straight hem",
    "slug": "hermes-carlton-london",
    "image": {
      "id": 1,
      "thumbnail": "/assets/images/products/p-14-xs.png",
      "original": "/assets/images/products/p-14-m.png"
    },
    "gallery": [
      {
        "id": 1,
        "thumbnail": "/assets/images/products/p-14-1.png",
        "original": "/assets/images/products/p-14-1.png"
      },
      {
        "id": 2,
        "thumbnail": "/assets/images/products/p-14-2.png",
        "original": "/assets/images/products/p-14-2.png"
      }
    ],
    "price": "",
    "sale_price": 15.00,
    "variations": [
      {
        "id": 1,
        "value": "S",
        "attribute": {
          "id": 1,
          "name": "Size",
          "slug": "size"
        }
      },
      {
        "id": 2,
        "value": "M",
        "attribute": {
          "id": 1,
          "name": "Size",
          "slug": "size"
        }
      },
      {
        "id": 3,
        "value": "L",
        "attribute": {
          "id": 1,
          "name": "Size",
          "slug": "size"
        }
      },
      {
        "id": 4,
        "value": "XL",
        "attribute": {
          "id": 1,
          "name": "Size",
          "slug": "size"
        }
      },
      {
        "id": 5,
        "value": "Orange",
        "meta": "#e86c25",
        "attribute": {
          "id": 1,
          "name": "Color",
          "slug": "color"
        }
      },
      {
        "id": 6,
        "value": "Pink",
        "meta": "#ffa5b4",
        "attribute": {
          "id": 1,
          "name": "Color",
          "slug": "color"
        }
      },
      {
        "id": 7,
        "value": "Purple",
        "meta": "#8224e3",
        "attribute": {
          "id": 1,
          "name": "Color",
          "slug": "color"
        }
      },
      {
        "id": 8,
        "value": "Red",
        "meta": "#dd3333",
        "attribute": {
          "id": 1,
          "name": "Color",
          "slug": "color"
        }
      }
    ]
  },
  {
    "id": 7,
    "name": "Wayfarer Sunglasses",
    "description": "Our optical engineers developed these sunglasses for hiking. Ideal for occasional use in the mountains.",
    "slug": "wayfarer-sunglasses",
    "image": {
      "id": 1,
      "thumbnail": "/assets/images/products/p-27-xs.png",
      "original": "/assets/images/products/p-27-m.png"
    },
    "gallery": [
      {
        "id": 1,
        "thumbnail": "/assets/images/products/p-27-1.png",
        "original": "/assets/images/products/p-27-1.png"
      },
      {
        "id": 2,
        "thumbnail": "/assets/images/products/p-27-2.png",
        "original": "/assets/images/products/p-27-2.png"
      }
    ],
    "price": 25.00,
    "sale_price": 20.00,
    "variations": [
      {
        "id": 1,
        "value": "S",
        "attribute": {
          "id": 1,
          "name": "Size",
          "slug": "size"
        }
      },
      {
        "id": 2,
        "value": "M",
        "attribute": {
          "id": 1,
          "name": "Size",
          "slug": "size"
        }
      },
      {
        "id": 3,
        "value": "L",
        "attribute": {
          "id": 1,
          "name": "Size",
          "slug": "size"
        }
      },
      {
        "id": 4,
        "value": "XL",
        "attribute": {
          "id": 1,
          "name": "Size",
          "slug": "size"
        }
      },
      {
        "id": 5,
        "value": "Orange",
        "meta": "#e86c25",
        "attribute": {
          "id": 1,
          "name": "Color",
          "slug": "color"
        }
      },
      {
        "id": 6,
        "value": "Pink",
        "meta": "#ffa5b4",
        "attribute": {
          "id": 1,
          "name": "Color",
          "slug": "color"
        }
      },
      {
        "id": 7,
        "value": "Purple",
        "meta": "#8224e3",
        "attribute": {
          "id": 1,
          "name": "Color",
          "slug": "color"
        }
      },
      {
        "id": 8,
        "value": "Red",
        "meta": "#dd3333",
        "attribute": {
          "id": 1,
          "name": "Color",
          "slug": "color"
        }
      }
    ]
  },
  {
    "id": 8,
    "name": "Armani Wide-Leg Trousers",
    "description": "Monochrome elegance. Made with a relaxed wide-leg, these trousers are made from a sustainable soft organic cotton with a mechanical stretch making the garment easily recycled.",
    "slug": "armani-wide-leg-trousers",
    "image": {
      "id": 1,
      "thumbnail": "/assets/images/products/p-16-xs.png",
      "original": "/assets/images/products/p-16-m.png"
    },
    "gallery": [
      {
        "id": 1,
        "thumbnail": "/assets/images/products/p-16-1.png",
        "original": "/assets/images/products/p-16-1.png"
      },
      {
        "id": 2,
        "thumbnail": "/assets/images/products/p-16-2.png",
        "original": "/assets/images/products/p-16-2.png"
      }
    ],
    "price": 80.00,
    "sale_price": 60.00,
    "variations": [
      {
        "id": 1,
        "value": "S",
        "attribute": {
          "id": 1,
          "name": "Size",
          "slug": "size"
        }
      },
      {
        "id": 2,
        "value": "M",
        "attribute": {
          "id": 1,
          "name": "Size",
          "slug": "size"
        }
      },
      {
        "id": 3,
        "value": "L",
        "attribute": {
          "id": 1,
          "name": "Size",
          "slug": "size"
        }
      },
      {
        "id": 4,
        "value": "XL",
        "attribute": {
          "id": 1,
          "name": "Size",
          "slug": "size"
        }
      },
      {
        "id": 5,
        "value": "Orange",
        "meta": "#e86c25",
        "attribute": {
          "id": 1,
          "name": "Color",
          "slug": "color"
        }
      },
      {
        "id": 6,
        "value": "Pink",
        "meta": "#ffa5b4",
        "attribute": {
          "id": 1,
          "name": "Color",
          "slug": "color"
        }
      },
      {
        "id": 7,
        "value": "Purple",
        "meta": "#8224e3",
        "attribute": {
          "id": 1,
          "name": "Color",
          "slug": "color"
        }
      },
      {
        "id": 8,
        "value": "Red",
        "meta": "#dd3333",
        "attribute": {
          "id": 1,
          "name": "Color",
          "slug": "color"
        }
      }
    ]
  },
  {
    "id": 9,
    "name": "REDQ Steel Watch",
    "description": "The Black Bay celebrates 60 years of diving watches with extraordinary heritage. The iconic model inherits the general lines.",
    "slug": "redq-steel-watch",
    "image": {
      "id": 1,
      "thumbnail": "/assets/images/products/p-28-xs.png",
      "original": "/assets/images/products/p-28-m.png"
    },
    "gallery": [
      {
        "id": 1,
        "thumbnail": "/assets/images/products/p-26-1.png",
        "original": "/assets/images/products/p-26-1.png"
      },
      {
        "id": 2,
        "thumbnail": "/assets/images/products/p-26-2.png",
        "original": "/assets/images/products/p-26-2.png"
      }
    ],
    "price": 120.00,
    "sale_price": 80.00,
    "variations": [
      {
        "id": 1,
        "value": "S",
        "attribute": {
          "id": 1,
          "name": "Size",
          "slug": "size"
        }
      },
      {
        "id": 2,
        "value": "M",
        "attribute": {
          "id": 1,
          "name": "Size",
          "slug": "size"
        }
      },
      {
        "id": 3,
        "value": "L",
        "attribute": {
          "id": 1,
          "name": "Size",
          "slug": "size"
        }
      },
      {
        "id": 4,
        "value": "XL",
        "attribute": {
          "id": 1,
          "name": "Size",
          "slug": "size"
        }
      },
      {
        "id": 5,
        "value": "Orange",
        "meta": "#e86c25",
        "attribute": {
          "id": 1,
          "name": "Color",
          "slug": "color"
        }
      },
      {
        "id": 6,
        "value": "Pink",
        "meta": "#ffa5b4",
        "attribute": {
          "id": 1,
          "name": "Color",
          "slug": "color"
        }
      },
      {
        "id": 7,
        "value": "Purple",
        "meta": "#8224e3",
        "attribute": {
          "id": 1,
          "name": "Color",
          "slug": "color"
        }
      },
      {
        "id": 8,
        "value": "Red",
        "meta": "#dd3333",
        "attribute": {
          "id": 1,
          "name": "Color",
          "slug": "color"
        }
      }
    ]
  }
]
