[
  {
    "id": 1,
    "name": "Maniac Red Boys",
    "description": "Sporty essentials, these Under Armour athletic shorts are smooth and lightweight in moisture-wicking material.",
    "slug": "maniac-red-boys",
    "image": {
      "id": 1,
      "thumbnail": "/assets/images/products/p-20.png",
      "original": "/assets/images/products/p-20-m.png"
    },
    "gallery": [
      {
        "id": 1,
        "thumbnail": "/assets/images/products/p-20-1.png",
        "original": "/assets/images/products/p-20-1.png"
      },
      {
        "id": 2,
        "thumbnail": "/assets/images/products/p-20-2.png",
        "original": "/assets/images/products/p-20-2.png"
      }
    ],
    "price": 20.00,
    "sale_price": 15.00,
    "variations": [
      {
        "id": 1,
        "value": "S",
        "attribute": {
          "id": 1,
          "name": "Size",
          "slug": "size"
        }
      },
      {
        "id": 2,
        "value": "M",
        "attribute": {
          "id": 1,
          "name": "Size",
          "slug": "size"
        }
      },
      {
        "id": 3,
        "value": "L",
        "attribute": {
          "id": 1,
          "name": "Size",
          "slug": "size"
        }
      },
      {
        "id": 4,
        "value": "XL",
        "attribute": {
          "id": 1,
          "name": "Size",
          "slug": "size"
        }
      },
      {
        "id": 5,
        "value": "Orange",
        "meta": "#e86c25",
        "attribute": {
          "id": 1,
          "name": "Color",
          "slug": "color"
        }
      },
      {
        "id": 6,
        "value": "Pink",
        "meta": "#ffa5b4",
        "attribute": {
          "id": 1,
          "name": "Color",
          "slug": "color"
        }
      },
      {
        "id": 7,
        "value": "Purple",
        "meta": "#8224e3",
        "attribute": {
          "id": 1,
          "name": "Color",
          "slug": "color"
        }
      },
      {
        "id": 8,
        "value": "Red",
        "meta": "#dd3333",
        "attribute": {
          "id": 1,
          "name": "Color",
          "slug": "color"
        }
      }
    ]
  },
  {
    "id": 2,
    "name": "12 Eco-Friendly Clothing Brands That",
    "description": "12 Eco-Friendly Clothing Brands That, has a scoop neck, sleeveless, straight hem",
    "slug": "eco-friendly-clothing-brands-that",
    "image": {
      "id": 1,
      "thumbnail": "/assets/images/products/p-5.png",
      "original": "/assets/images/products/p-5-m.png"
    },
    "gallery": [
      {
        "id": 1,
        "thumbnail": "/assets/images/products/p-5-1.png",
        "original": "/assets/images/products/p-5-1.png"
      },
      {
        "id": 2,
        "thumbnail": "/assets/images/products/p-5-2.png",
        "original": "/assets/images/products/p-5-2.png"
      },
      {
        "id": 3,
        "thumbnail": "/assets/images/products/p-5-3.png",
        "original": "/assets/images/products/p-5-3.png"
      },
      {
        "id": 4,
        "thumbnail": "/assets/images/products/p-5-4.png",
        "original": "/assets/images/products/p-5-4.png"
      }
    ],
    "price": 28.00,
    "sale_price": 20.00,
    "variations": [
      {
        "id": 1,
        "value": "S",
        "attribute": {
          "id": 1,
          "name": "Size",
          "slug": "size"
        }
      },
      {
        "id": 2,
        "value": "M",
        "attribute": {
          "id": 1,
          "name": "Size",
          "slug": "size"
        }
      },
      {
        "id": 3,
        "value": "L",
        "attribute": {
          "id": 1,
          "name": "Size",
          "slug": "size"
        }
      },
      {
        "id": 4,
        "value": "XL",
        "attribute": {
          "id": 1,
          "name": "Size",
          "slug": "size"
        }
      },
      {
        "id": 5,
        "value": "Orange",
        "meta": "#e86c25",
        "attribute": {
          "id": 1,
          "name": "Color",
          "slug": "color"
        }
      },
      {
        "id": 6,
        "value": "Pink",
        "meta": "#ffa5b4",
        "attribute": {
          "id": 1,
          "name": "Color",
          "slug": "color"
        }
      },
      {
        "id": 7,
        "value": "Purple",
        "meta": "#8224e3",
        "attribute": {
          "id": 1,
          "name": "Color",
          "slug": "color"
        }
      },
      {
        "id": 8,
        "value": "Red",
        "meta": "#dd3333",
        "attribute": {
          "id": 1,
          "name": "Color",
          "slug": "color"
        }
      }
    ]
  },
  {
    "id": 3,
    "name": "Long Sleeve Boy T-Shirt",
    "description": "100% cotton fabric Rollable sleeves and epaulette Front double breast pocket",
    "slug": "long-sleeve-boy-t-shirt",
    "image": {
      "id": 1,
      "thumbnail": "/assets/images/products/p-23.png",
      "original": "/assets/images/products/p-23-m.png"
    },
    "gallery": [
      {
        "id": 1,
        "thumbnail": "/assets/images/products/p-23-1.png",
        "original": "/assets/images/products/p-23-1.png"
      },
      {
        "id": 2,
        "thumbnail": "/assets/images/products/p-23-2.png",
        "original": "/assets/images/products/p-23-2.png"
      }
    ],
    "price": 30.00,
    "sale_price": 20.00,
    "variations": [
      {
        "id": 1,
        "value": "S",
        "attribute": {
          "id": 1,
          "name": "Size",
          "slug": "size"
        }
      },
      {
        "id": 2,
        "value": "M",
        "attribute": {
          "id": 1,
          "name": "Size",
          "slug": "size"
        }
      },
      {
        "id": 3,
        "value": "L",
        "attribute": {
          "id": 1,
          "name": "Size",
          "slug": "size"
        }
      },
      {
        "id": 4,
        "value": "XL",
        "attribute": {
          "id": 1,
          "name": "Size",
          "slug": "size"
        }
      },
      {
        "id": 5,
        "value": "Orange",
        "meta": "#e86c25",
        "attribute": {
          "id": 1,
          "name": "Color",
          "slug": "color"
        }
      },
      {
        "id": 6,
        "value": "Pink",
        "meta": "#ffa5b4",
        "attribute": {
          "id": 1,
          "name": "Color",
          "slug": "color"
        }
      },
      {
        "id": 7,
        "value": "Purple",
        "meta": "#8224e3",
        "attribute": {
          "id": 1,
          "name": "Color",
          "slug": "color"
        }
      },
      {
        "id": 8,
        "value": "Red",
        "meta": "#dd3333",
        "attribute": {
          "id": 1,
          "name": "Color",
          "slug": "color"
        }
      }
    ]
  },
  {
    "id": 4,
    "name": "Regular Fit Flannel Shirt",
    "description": "The garments labelled as Committed are products that have been produced using sustainable fibers or processes, reducing their environmental impact. Mango's goal is to support the implementation of practices more committed to the environment.",
    "slug": "regular-fit-flannel-shirt",
    "image": {
      "id": 1,
      "thumbnail": "/assets/images/products/p-4.png",
      "original": "/assets/images/products/p-4-m.png"
    },
    "gallery": [
      {
        "id": 1,
        "thumbnail": "/assets/images/products/p-4-1.png",
        "original": "/assets/images/products/p-4-1.png"
      },
      {
        "id": 2,
        "thumbnail": "/assets/images/products/p-4-2.png",
        "original": "/assets/images/products/p-4-2.png"
      },
      {
        "id": 3,
        "thumbnail": "/assets/images/products/p-4-3.png",
        "original": "/assets/images/products/p-4-3.png"
      },
      {
        "id": 4,
        "thumbnail": "/assets/images/products/p-4-4.png",
        "original": "/assets/images/products/p-4-4.png"
      }
    ],
    "price": "",
    "sale_price": 8.00,
    "variations": [
      {
        "id": 1,
        "value": "S",
        "attribute": {
          "id": 1,
          "name": "Size",
          "slug": "size"
        }
      },
      {
        "id": 2,
        "value": "M",
        "attribute": {
          "id": 1,
          "name": "Size",
          "slug": "size"
        }
      },
      {
        "id": 3,
        "value": "L",
        "attribute": {
          "id": 1,
          "name": "Size",
          "slug": "size"
        }
      },
      {
        "id": 4,
        "value": "XL",
        "attribute": {
          "id": 1,
          "name": "Size",
          "slug": "size"
        }
      },
      {
        "id": 5,
        "value": "Orange",
        "meta": "#e86c25",
        "attribute": {
          "id": 1,
          "name": "Color",
          "slug": "color"
        }
      },
      {
        "id": 6,
        "value": "Pink",
        "meta": "#ffa5b4",
        "attribute": {
          "id": 1,
          "name": "Color",
          "slug": "color"
        }
      },
      {
        "id": 7,
        "value": "Purple",
        "meta": "#8224e3",
        "attribute": {
          "id": 1,
          "name": "Color",
          "slug": "color"
        }
      },
      {
        "id": 8,
        "value": "Red",
        "meta": "#dd3333",
        "attribute": {
          "id": 1,
          "name": "Color",
          "slug": "color"
        }
      }
    ]
  },
  {
    "id": 5,
    "name": "Gucci Carlton UK",
    "description": "Knitted midi A-line dress, has a scoop neck, sleeveless, straight hem",
    "slug": "gucci-carlton-uk",
    "image": {
      "id": 1,
      "thumbnail": "/assets/images/products/p-8.png",
      "original": "/assets/images/products/p-8-m.png"
    },
    "gallery": [
      {
        "id": 1,
        "thumbnail": "/assets/images/products/p-8-1.png",
        "original": "/assets/images/products/p-8-1.png"
      },
      {
        "id": 2,
        "thumbnail": "/assets/images/products/p-8-2.png",
        "original": "/assets/images/products/p-8-2.png"
      },
      {
        "id": 3,
        "thumbnail": "/assets/images/products/p-8-3.png",
        "original": "/assets/images/products/p-8-3.png"
      },
      {
        "id": 4,
        "thumbnail": "/assets/images/products/p-8-4.png",
        "original": "/assets/images/products/p-8-4.png"
      }
    ],
    "price": 19.99,
    "sale_price": 14.99,
    "variations": [
      {
        "id": 1,
        "value": "S",
        "attribute": {
          "id": 1,
          "name": "Size",
          "slug": "size"
        }
      },
      {
        "id": 2,
        "value": "M",
        "attribute": {
          "id": 1,
          "name": "Size",
          "slug": "size"
        }
      },
      {
        "id": 3,
        "value": "L",
        "attribute": {
          "id": 1,
          "name": "Size",
          "slug": "size"
        }
      },
      {
        "id": 4,
        "value": "XL",
        "attribute": {
          "id": 1,
          "name": "Size",
          "slug": "size"
        }
      },
      {
        "id": 5,
        "value": "Orange",
        "meta": "#e86c25",
        "attribute": {
          "id": 1,
          "name": "Color",
          "slug": "color"
        }
      },
      {
        "id": 6,
        "value": "Pink",
        "meta": "#ffa5b4",
        "attribute": {
          "id": 1,
          "name": "Color",
          "slug": "color"
        }
      },
      {
        "id": 7,
        "value": "Purple",
        "meta": "#8224e3",
        "attribute": {
          "id": 1,
          "name": "Color",
          "slug": "color"
        }
      },
      {
        "id": 8,
        "value": "Red",
        "meta": "#dd3333",
        "attribute": {
          "id": 1,
          "name": "Color",
          "slug": "color"
        }
      }
    ]
  }
]
